,title,subreddit,selftext,subreddit_id,name
0,Erik Burkhardt shares some incredible revelations of former Browns QB Johnny Manziel in The Untold Story of Johnny Football. Here are a few that pertained to the NFL.,nfl,"Just watched the new special, there is a lot revealed about Johnny's college days but a surprising amount about his brief time in the NFL.

First is that Manziel was being drug tested by Burkhardt every week leading up to the NFL Combine. The night before the Combine, Manziel went to a party in the hills. **His Dad faked a heart attack so he could leave the Combine early**.

Second, the Houston Texans were going to take Manziel over Clowney, but video surfaced of him partying not long after his private workout with the team and they took him off their draft board.

Third, Manziel had dinner with the Browns and then partied at a hotel room with his receivers who were going to catch for him the night before a private workout and the receivers were so hungover a hungover himself Manziel **threw to his agent and his lawyer**. He told a reporter who covered the Aggies that he ""fucking killed it"" in the workout. Really.

Finally the second most amazing thing to me behind the fact that **Johnny's family wasn't actually loaded** (I know, right?!?!), Manziel's agent Burkhardt basically begged Jimmy Haslam to **come back in to the first and take Johnny**. Burhardt said his career was on the line. My immediate thoughts on this were holy shit it is cray how fluid the draft is, and now Haslam saying a ""homeless"" guy told him to draft Manziel makes *a lot* more sense.

Pretty crazy stuff and I know a lot of people won't watch here because they don't watch college football so thought I'd share.",t5_2qmg3,t3_15ms2ik
1,Jared Goff asked if he gets enough respect: ‚ÄúI don‚Äôt care. Don‚Äôt care. Don‚Äôt even know if I do or not. Try to win games for this team. That‚Äôs all.‚Äù,nfl,,t5_2qmg3,t3_15mgpst
2,[Ari Meirov] Former Raiders WR Henry Ruggs III sentenced to 3-10 years in fatal DUI crash that led to the death of a woman and her dog,nfl,,t5_2qmg3,t3_15mko6p
3,[Highlight] Bobby Wagner intercepts Russell Wilson on Christmas while Patrick Star provides the play by play,nfl,,t5_2qmg3,t3_15mn82e
4,49ers CEO Jed York faces allegations of insider trading,nfl,,t5_2qmg3,t3_15mwexm
5,Native American group threatens Washington Commanders with boycott over name change. Wants name changed back to Redskins.,nfl,,t5_2qmg3,t3_15mguq5
6,Eagles‚Äô DeVonta Smith excused from practice to attend friend Henry Ruggs‚Äô sentencing hearing,nfl,,t5_2qmg3,t3_15mybwz
7,"[Berman] Myles Jack was cut from Pittsburgh and didn‚Äôt know what to do next. He considered trade school to become an electrician or plumber: ""I like to work. I couldn't sit at home. I've been blessed to make a lot of money‚Ä¶If a Zombie apocalypse came, I want to be able to build something.""",nfl,,t5_2qmg3,t3_15mohgg
8,"[Sikkema] Bryce Young, man. He‚Äôs already had two throws over the middle against the Jets defense where, if the ball was any further or any shorter, it could‚Äôve been picked off. But both were perfect for 15-20 yard completions. Kid‚Äôs got the touch",nfl,,t5_2qmg3,t3_15mpogm
9,"Chicago Bears seemingly change primary logo to the Bear, relegate the traditional 'C'",nfl,,t5_2qmg3,t3_15myeue
10,Why Your Team Sucks 2023: Cleveland Browns,nfl,,t5_2qmg3,t3_15mnlr6
11,"[Pryor] Mike Tomlin on his approach to playing starters in the preseason: ""I lean toward playing, in general. ... if we're going to box, we have to spar.""",nfl,,t5_2qmg3,t3_15misgf
12,"[Drake] Cardinals RB Marlon Mack is done for the year with a torn Achilles, per Jonathan Gannon.",nfl,,t5_2qmg3,t3_15mpe6s
13,"[Silver] Last week 49ers CB Charvarius (Mooney) Ward told me, re ex-teammate Jimmy Garoppolo: ""Man I miss Jimmy. Jimmy‚Äôs a great guy, man, so charming and charismatic. His smile, the way he talks to you, he just makes you feel good. I‚Äôm definitely gonna intercept him next week, though.""",nfl,,t5_2qmg3,t3_15n271n
14,[Secret Base] A total of 17 touchdowns were scored while the 1970 Vikings defense was on the field. Only 10 of those were scored by opposing offenses.,nfl,,t5_2qmg3,t3_15mvkl9
15,"[Schneidman] David Bakhtiari on where Jordan Love is at: ‚ÄúHall of Fame, first ballot.‚Äù",nfl,,t5_2qmg3,t3_15mqxdc
16,[Schefter] Bengals‚Äô HC Zac Taylor to reporters today on the status of Joe Burrow‚Äôs strained calf injury: ‚ÄúThe timeline is several weeks from when I said several weeks.‚Äù,nfl,,t5_2qmg3,t3_15mnv9w
17,[Capaccio] Latavius Murray continues to NOT look like the oldest running back in the NFL. Just took a short pass about 70+ yards to the house. Looked like a busted coverage by the defense. But Murray turned on the 33-year old wheels down the sideline.,nfl,,t5_2qmg3,t3_15miigd
18,[Front Office Sports] The Tennessee Titans have released a new look at their future $2.1 billion stadium ‚Äî set to open in 2027.,nfl,,t5_2qmg3,t3_15mnsjn
19,Reports: Bills‚Äô stadium projected to have $300M cost overrun,nfl,,t5_2qmg3,t3_15mwi9z
20,"[Kelly] We have four Dolphins players hurt in this practice. Jeff Wilson, Justin Bethel, Alec Ingold and Jaylen Waddle. Physical practices replicate game speed.",nfl,,t5_2qmg3,t3_15mjbs0
21,The 2023 r/NFL Roast of The Dallas Cowboys (10/32),nfl,"###WELCOME TO THE 2023 R/NFL ROAST OF THE DALLAS COWBOYS 

-------------

**Guidelines:**

1. Try to make original jokes. We've all seen the played out jokes and memes (examples:28-3,one yard short, russ throwing on the one yard line), let's get some new material in here. Find a new slant. 

2. Don't waste your good jokes about another team until it's their turn to be roasted. 

3. Jokes are jokes. Laugh, head over to the burn center, and move on. Let's not get into heated arguements in these threads, they are just for fun. 

4. Don't troll and/or attack the users posting jokes.

5. Teams were chosen in a random order. You'll find out the next team to be roasted in the current thread. This will give you a day to craft your jokes. 

6. HAVE FUN! When all 32 teams have been roasted, we'll be just a few days away from regular season football. That being said,fire away!

**Tomorrow's Team:Cleveland Browns**

----------

**Previous roasts:**

[LA Rams](https://www.reddit.com/r/nfl/comments/15ek3fs/the_2023_rnfl_roast_of_the_los_angeles_rams_132/)

[Tennessee Titans](https://www.reddit.com/r/nfl/comments/15fgltk/the_2023_rnfl_roast_of_the_tennessee_titans_232/)

[New Orleans Saints](https://www.reddit.com/r/nfl/comments/15gcqlj/the_2023_rnfl_roast_of_the_new_orleans_saints_332/)

[Jacksonville Jaguars](https://www.reddit.com/r/nfl/comments/15h85nd/the_2023_rnfl_roast_of_the_jacksonville_jaguars/)

[Philadelphia Eagles](https://www.reddit.com/r/nfl/comments/15i3of8/the_2023_rnfl_roast_of_the_philadelphia_eagles_532/)

[Denver Broncos](https://www.reddit.com/r/nfl/comments/15izl7a/the_2023_rnfl_roast_of_the_denver_broncos_632/)

[Pittsburgh Steelers](https://www.reddit.com/r/nfl/comments/15jtzu3/the_2023_rnfl_roast_of_the_pittsburgh_steelers_732/)

[Buffalo Bills](https://www.reddit.com/r/nfl/comments/15koo29/the_2023_rnfl_roast_of_the_buffalo_bills_832/)

[Tampa Bay Buccaneers](https://www.reddit.com/r/nfl/comments/15lm1ho/the_2023_rnfl_roast_of_the_tampa_bay_buccaneers/)


--------------",t5_2qmg3,t3_15mlel1
22,[Fowler] Aaron Rodgers‚Äô advice for Bryce Young: ‚ÄúBe gentle with yourself.‚Äù,nfl,,t5_2qmg3,t3_15mk9kq
23,[Jets Media] Zach Wilson with back to back misfires Then throws a pick on 3rd down He does not look good today,nfl,,t5_2qmg3,t3_15mjz2g
24,[Allen] Jordan Love -&gt; Romeo Doubs 51 Yard TD Pass at Joint Practice with the Bengals,nfl,Pretty pass for the football junkies that need their fix,t5_2qmg3,t3_15mspf6
25,"[Schefter] Compensation update: Teddy Bridgewater‚Äôs deal with the Detroit Lions is worth a maximum of $5 million, including $2.5 million guaranteed.",nfl,,t5_2qmg3,t3_15mvotd
26,"[Pelissero] Kareem Hunt is leaving Indianapolis without a deal, per source. Offer was made by the Colts. Unable to reach an agreement. Continued interest from other teams.",nfl,,t5_2qmg3,t3_15mr7ag
27,[Rosenblatt] Zach Wilson just tried a No-look to Kenny Yeboah in 7 on 7. Went off Yeboah‚Äôs hands and was intercepted. #Jets,nfl,,t5_2qmg3,t3_15miwl2
28,"NFL veteran charged with stealing vehicle, possession of drugs after Charlotte arrest",nfl,,t5_2qmg3,t3_15mhtaz
29,[Stevens] Russell Wilson didn‚Äôt have a single incompletion during team periods today. He is scorching hot over the past few days.,nfl,,t5_2qmg3,t3_15mrdi9
30,"[Schultz] Free agent DT Shelby Harris is signing with the #Browns, per sources.",nfl,,t5_2qmg3,t3_15mtetg
31,[Cabot] #Browns Deshaun Watson says he‚Äôll start Friday night vs #Commanders. Not sure how long he‚Äôll play,nfl,,t5_2qmg3,t3_15mirbw
32,[Giants] Daniel Jones with an on-the-run TD throw to Darius Slayton during 11-on-11‚Äôs with the Lions.,nfl,,t5_2qmg3,t3_15mlulq
33,[Hensley] Ravens WR Rashod Bateman has been activated off the Physically Unable to Perform list. He missed the first 12 practices of training camp with foot injury.,nfl,,t5_2qmg3,t3_15mneqs
34,"[Wilson] Ravens have agreed to sign defensive tackle Broderick Washington to three year, $17.5 million contract. Deal includes $6.3 million combined in signing and option bonuses with $10 million total guaranteed for former Texas Tech standout",nfl,,t5_2qmg3,t3_15mi2zq
35,"[Highlight] Today marks 28 days until the 2023 NFL Season starts! Let‚Äôs remember this 28 yard TD pass from Davis Mills to Jordan Akins against the Colts last season. The Texans would then go for 2 and Jordan Akins would catch the 2Pt conversion. Texans win, 32-31. ",nfl,,t5_2qmg3,t3_15nbrei
36,[Marcel Louis-Jacques] Dolphins WR Jaylen Waddle stayed down after an 11v11 rep. He‚Äôs able to walk off the field under his own power but he‚Äôs being escorted back to the locker room,nfl,,t5_2qmg3,t3_15miipm
37,"[Up &amp; Adams] ""You're just seeing Justin [Herbert] come alive...You can see the confidence. The way he's affecting his teammates on both sides of the ball, I've just never seen him better."" Brandon Staley envisions an elite season out of his QB1",nfl,,t5_2qmg3,t3_15mh0sn
38,"[Schneidman] Bengals veteran CB Mike Hilton on Jordan Love: ‚ÄúReal strong arm. Obviously that‚Äôs what he‚Äôs been known for, but you can tell ‚Ä¶ he‚Äôs seeing things a little slower and his process is a little faster, so I feel like Green Bay got a good one.‚Äù",nfl,,t5_2qmg3,t3_15nabaz
39,"[Brack] This is the Marlon Mack injury. I think it‚Äôs a stretch to blame the turf. The pass is behind him, he leaves his feet and comes down hard on the leg.",nfl,,t5_2qmg3,t3_15mlw6j
40,[Palmer] Kenny Pickett will start Friday at Buccaneers,nfl,,t5_2qmg3,t3_15mjpol
41,[Joe Person] Aaron Rodgers on Bryce Young: ‚ÄúI love the kid. ‚Ä¶ Carolina‚Äôs in good hands.‚Äù,nfl,,t5_2qmg3,t3_15muh6y
42,[Schneidman] Matt LaFleur on Packers CBs facing the Bengals WRs: ‚ÄúI wish Joe Burrow was gonna be out there throwing them the ball to get a really good indication of where we are.‚Äù,nfl,,t5_2qmg3,t3_15mowbe
43,"Ex-NFL CB Breeland faces stolen-car, gun charges after traffic stop",nfl,,t5_2qmg3,t3_15mygte
44,"[Highlight] Hebert throws deep to Johnston, who beats the CB by at least 5 yards",nfl,,t5_2qmg3,t3_15mpqu5
45,[James Palmer] Broncos RT Mike McGlinchey suffered a knee sprain yesterday when he was rolled up on. Expected to be out a few weeks.,nfl,,t5_2qmg3,t3_15mn52i
46,"[Dugar] Devon Witherspoon has a hamstring injury ‚Äî ‚Äúsame leg, different spot,‚Äù Pete Carroll says, referring to hamstring injury that limited him ahead of the draft.",nfl,,t5_2qmg3,t3_15mq6wy
47,"[ZackCox] Jets DC Jeff Ulbrich is not a fan of ‚ÄúDo Your Job.‚Äù From last night‚Äôs ‚ÄúHard Knocks‚Äù: ‚ÄúDo my job ‚Äî is that good enough? F‚Äî no. That‚Äôs the rest of the NFL, isn‚Äôt it? ‚ÄòDo your job. Do your job.‚Äô F‚Äî that.‚Äù",nfl,,t5_2qmg3,t3_15mlusa
48,"[Jackson] Dolphins‚Äô McDaniel addresses presnap penalty problem: ""We couldn‚Äôt have emphasized it more this offseason. The facts are the facts. ‚ÄòYou‚Äôre the worst. I‚Äôm the worst.‚Äô"" ...",nfl,,t5_2qmg3,t3_15mqnal
49,[Giants] Dane Belton straight up stripped that üò≥,nfl,,t5_2qmg3,t3_15mjm4h
50,"[Pouncy] Practice is over. Jahmyr Gibbs ended the day with a one-handed grab deep down the left sideline in the end zone facing double coverage, after going up to get it. Not sure if he got two feet in, but regardless, the fact that a running back can do things like this is impressive.",nfl,,t5_2qmg3,t3_15mkyyr
51,[Tomasson] Longtime Vikings star Jared Allen is helping with Denver‚Äôs pass rush here. Sean Payton said he also helped out in the spring and that he wants to try his hand a bit at coaching.,nfl,,t5_2qmg3,t3_15mnkbs
52,"[Rapoport] The #Ravens expect JK Dobbins to practice soon, while they hosted Jadeveon Clowney yesterday.",nfl,,t5_2qmg3,t3_15mjk0e
53,"[Wolfe] Panthers-Jets joint practice is cancelled today due to weather and safety concerns. Heavy rain this morning here in Spartansburg, SC.",nfl,,t5_2qmg3,t3_15na5az
54,"[Josina Anderson] I‚Äôm told free agent DE Jadeveon Clowney received an offer from the #Ravens and is taking some time to think it through, per source.",nfl,,t5_2qmg3,t3_15mscsx
55,[Highlight] 1989- John Taylor scores on two 90+ yard touchdowns in the same game,nfl,,t5_2qmg3,t3_15mvg9d
56,"The Pre-Season Kicks Off Tonight! What's 1 Non-Consensus Predication You Have For Each Division This Season, That You Want Proof Of In Case It Turns Out To Be Right?",nfl,"As the title says, what is a non-consensus prediction you have for each division? Write them below, and we can all look forward to laughing at or bragging about our predictions at seasons end. ",t5_2qmg3,t3_15n28kz
57,"[Highlight] Victor Cruz, Preseason Hall of Fame",nfl,,t5_2qmg3,t3_15n0h04
58,"[Colts] We have signed free agents RB Jason Huntley and TE Ricky Seals-Jones, and waived-injured TE La'Michael Pettway and S Michael Tutsie.",nfl,,t5_2qmg3,t3_15mt3ar
59,"[Florio] Hall of Fame agrees to $750,000 settlement of 2016 game litigation",nfl,,t5_2qmg3,t3_15n9y3z
60,Reminder: Jakobi Meyers ironically signed with raiders after this play,nfl,,t5_2qmg3,t3_15mrex4
61,Every Top 100 player's Best Play of 2023,nfl,,t5_2qmg3,t3_15mhix3
62,[Meirov] Week 1 of the NFL preseason begins tonight with the Texans facing the Patriots and the Vikings taking on the Seahawks. No. 2 overall pick CJ Stroud will be starting for the Texans. The full Week 1 schedule üëáüëá,nfl,,t5_2qmg3,t3_15ncxhc
63,"Why did the Chargers at the time, decide not to keep Rodney Harrison on their team?",nfl,"Harrison was drafted by the Chargers and played 9 years with them, but it seems now, you would think he spent all of his career with the Patriots. What was the reasoning or narrative at the time when the Chargers apparently decided to release him, what was the reasoning for them not wanting to keep him at the time?",t5_2qmg3,t3_15n2hdv
64,[Busbee] Bryce Young knows how to stand tall when it matters most,nfl,,t5_2qmg3,t3_15mrgvg
65,Los Angeles Chargers Sign Matt Kaskey,nfl,,t5_2qmg3,t3_15mpkol
66,In 2006 Adam Vinatieri had the best postseason performance by kicker.,nfl,"In 2006 Adam Vinatieri had joined the Colts as a free agent after the Colts were fed up with Mike Vanderjagt shanking in the post season. The Colts went 12-4 in the regular season and held the 3rd seed. 

**In that postseason he scored 49 points for the Colts. He is 1 of 2 kickers to break 40 points in the post season with the other being Evan McPherson in 2021 with 48** 

He achieved this by scoring **14** field goals out of **15** attempts  and 7 extra point attempts. 14 field goals made is the most in any post season. 

**Vinatieri made a total of 6 field goals from beyond the 40 yard line** 

Wild card *Chiefs game* ***23-8***

* **48**  yard field goal 
* **19** yard field goal 
* **50** yard field goal 

The best showcase  his dominance is to look at his 2006 divisional performance against the Ravens. The Colts would upset the 13-3 Ravens at home **without a single touchdown. Colts win 15-6.**

Vinatieri scored every point in that game with 5 field goals 

* **23** yard field goal 
* **42**  yard field goal
* **51** yard field goal 
* **48** yard field goal 
* **35** yard field goal

AFC Championship *Patriots game* ***38-34***

* **42** yard field goal 
* **26** yard field goal 
* **36** yard field goal 

*Superbowl 41*  ***29-17***

* **29**  yard field goal 
* **24** yard field goal 
* **20** yard field goal 

What makes this performance impressive isn't just that he scored the most points in a post season but the fact that the Colts sought Vinatieri out as a free agent because they wanted the best Kicker in the league and Vanderjagt wasn't cutting it in the post season. Vinatieri comes in and immediately proves his worth helping the Colts win the  superbowl. He showed he could be relied upon when he was the only one who could score, he showed up against his former team, and showed he could kick in harsh weather conditions as there were heavy rains in superbowl 41. Vinatieri has the most dominant post season kicking performance of all time.",t5_2qmg3,t3_15n9bgi
67,[Highlight] Jerry Rice vs Deion Sanders,nfl,,t5_2qmg3,t3_15n8rlb
68,Inside Carrie Walton Penner‚Äôs first year as Broncos owner and her vision for what comes next,nfl,,t5_2qmg3,t3_15mo61d
69,Elgton Jenkins removed from joint practice with Bengals after fights,nfl,,t5_2qmg3,t3_15nd47w
70,2023 Off-season Review Series: Dallas Cowboys,nfl,"**[Dallas Cowboys]**








**Division: [NFC East]**





**Coaching Changes:**






Well, no Moore lighting up the scoreboard, I guess. With the departure of Kellen Moore to the Chargers, things have taken a turn in Jerryworld, and it‚Äôs up to new offensive coordinator Brian Cornelius Schottenheimer and Mike Mcarthy‚Äôs ‚ÄúTexas Coast Offense‚Äù as to whether or not thats a good thing. (Writers note: the Texas coast is 418 miles from ATT Stadium.) 





Schottenheimer, most recently an offensive coordinator in Seattle from ‚Äò18-‚Äò20 and the passing game coordinator under Coach Fingerguns in Jacksonville in ‚Äò21,  is a bit of a milquetoast replacement for Moore. For instance, in his first year in Seattle, he ran the ball 64% of the time on first down, 54% of the time on second down, and passed 73% of the time on third down. Ideal for a team who‚Äôs running back room has a guy that has never been a 3 down back, a hobbit, and a few other warm bodies. 




If Schottenhiemer‚Äôs reputation for going run run pass wasn‚Äôt enough to get Cowboys fans excited, we also rehired Mike Solari as our offensive line coach. I say rehired, because Solari has been an offensive line coach for the Cowboys before- when Tom Landry was the head coach. Solari was most recently with Seattle from ‚Äò18-‚Äò21, and of all the offensive line units of all time, those Seattle units during those years were some of them, consistently grading out in the bottom half of the league in both pass blocking and run blocking according to PFF, and flat out failing the eye test. 




Former Birmingham Iron draft pick Scott Tolzien takes over QB coaching duties from Doug Nussmeier, who went to LA with Moore. Tolzien was a coaching assistant for us last year, and is an all around new face to the coaching community, getting his first job in 2019 as the Wisconsin Badgers scouting analyst. Hopefully he can teach Dak to get his footwork right.





**Free Agency**







There is an Ewok shaped hole in the hearts of all Cowboy fans this year, as we had to cut our worst center but 3rd all time rushing leader in franchise history, Ezekiel Elliot. There are 16.7 million reasons why we had to part ways with Zeke this year,  3.8 yards per carry and an ascending Tony Pollard being chief amongst them. 





As of writing, Zach Martin, our all universe guard, is holding out for a raise, which is reasonable as he is arguably the best guard in the NFL right now and a future Hall of Famer, but is the 8th highest paid guard in the NFL. Pay the man, Jerry, he‚Äôs earned it, and we already don‚Äôt have depth at offensive line after losing Connor Mgovern to the Jets and with Tyron Smith held together by duct tape, Toradol, and hope. 





Former Bill, Patriot, Panther,  and Colt, Stefon Gilmore rounds out an already stacked Cowboys secondary on a 2yr/ $20 million contract, with $14 million guaranteed. We got a 2 time first team All Pro, 5 time Pro Bowler, Former DPOY for a bag of balls, and a 2023 5th to the Colts. The hope here isn‚Äôt that the 33 year old CB repeats his 2019 performance as the DPOY for the Patriots, but that he is simply just good. Surrounded by that suffocating defense, including fellow  first team All Pro CB Trevon Diggs, who signed a 5yr/ $97 million extension at the beginning of camp this year, if he stays healthy and just has an average Stephon Gilmore season, our defense has a chance to be terrifying this year.








Former Saint, Patriot, Ram, and Texan, Brandin Cooks provides a much needed vertical threat at WR on a 2yr/ $39,764,000 contract with $36 million guaranteed. For 2 pick swaps with Houston, a 2023 fifth and 2024 sixth, We get his 4.33 speed, and if the former Belitnikoff award winner just runs wind sprints up and down the field on 9 routes to clear out space for CeeDee to do his thing, he will be well worth the money. 







Former Toronto FC, Bethlehem Steel FC, and Birmingham Stallion Brandon Aubrey will compete for the Kicking job against hopefully someone better than him, as we have just cut former 49er, Charger, and Cardinal Tristan Vizcaino, who was not better than him, so unless we figure out how to hire a football player instead of a soccer player to replace Brett Maher, who forgot you‚Äôre supposed to put the ball between the uprights, not every other imaginable place, then i guess we got our guy?






**Draft**





**1.26: Mazi Smith (DT)**




With the 26th overall pick, we took Michigan‚Äôs Mazi Smith, with the hopes that he can become the 2 gapping monster in the middle that he was in college. Brian Baldinger compared him to Suh, which is just the insane overreaction i‚Äôm looking for in a 1st round Dallas Cowboys draft pick. A+ draft grade for that alone. 





**2.58: Luke Schoonmaker (TE)**




Fellow mitten shaped state (university? Not the one that has the word state in it. I don‚Äôt want the blue guys telling me they aren‚Äôt the green guys) alumni Luke Schoonmaker is by all accounts just a younger, better version of Dalton Schultz, and continues our weird streak of having a white TE that i‚Äôm pretty sure we‚Äôve had going since Billy Joe DuPree retired in 1983. This is a solid B draft grade





**3.90: Demarvion Overshown (LB)**





A converted safety turned linebacker, Demarvion Overshown out of Texas is a coverage specialist at LB that is a fantastic depth piece, his profile reads a ton like Jayron Kearse, so having him at backup just gives Dan Quinn another speedy piece to  add to his arsenal. A solid A for draft grade, simply for getting this guy this late 





**4.129: Viliami Fehoko Jr. (DE)**





Mountain West Defensive Player of the Year Viliami Fehoko Jr out of San Jose State is a bit of a project, as we drafted him for the same reason we drafted Mazi Smith in the first round- we need him to be a run stopper in the middle, so there is some beefing up he has to do to not get killed when moved to DT. This is one of my least favorite picks this year, as it‚Äôs not really a position of need after picking up Mazi, and we could have picked up depth at offensive line, but all together he is an interesting player that could potentially turn into something special. Solid C draft grade






**5.169: Asim Richards (OT)**




Out of UNC with an 82 inch wingspan, Asim Richards is going to get moved inside to guard, and is going to compete in training camp with Matt Farniok, Josh Ball, and Chuma Edoga for the backup Left Guard spot. we need depth at OL, and he seems ok for his draft position, solid B for a draft grade 





**6.178: Eric Scott Jr. (CB)**




Wtf Jerry we already have 6 of these what are you doing? That being said we traded up for him, so somebody saw something more nuanced than literally just some guy from the internet. What‚Äôs the most neutral grade? C+ or B-? Whichever one is more like distilled water, pick that for the draft grade 





**6.212: Deuce Vaughn (RB)**




The video of Cowboys scout Chris Vaughn calling his son, Deuce Vaughn, to draft him in the 6th round is one of the most heartwarming scenes of this years draft. And it‚Äôs not all Kumbaya bullshit, Deuce is a fuckin dawg my dude. He had north of 1500 yards on the ground his senior season at Kansas state, and is a quicker than fast back seemingly built to be and understudy to Tony Pollard. The thing about him though, and it is a thing, is that there are NFL players who own cars who‚Äôs rims are taller than Deuce. Mr Vaughn is just 6 inches taller than being legally a dwarf, which brings real limits to his roll in an NFL offense. Draft grade: A+ times 10 plus a million. One of the steals of the draft this year 





**7.244: Jalen Brooks (WR)**





Lmao wut?  7th round for a guy that had 58 catches for 785 yards and 2 td‚Äôs at South Carolina? Practice team body at best. Draft grade: Jerry‚Äôs internet got disconnected and they went on auto draft 







**Other Offseason News that Affected the Team**





**The Texas Coast Offense**





Ok, listen, I understand people doubting that Brian Cornelius Shottenheimer and Michael John McCarthy could possibly come up with an innovative Offense in 2023, but hear me out, it might not actually suck. I know i gave that horrendous run/pass statistic in the coaching changes section about Shottenheimer, but, those were very cherry picked stats. Yes, he did run 64% on 1st, 53% on second, and passed on 73% of third downs in 2018, but in 2019, it was 54% run on 1st, 47% on second down, and passed on 75% of third downs, and by 2020, he was finally starting to get it, never running more than 50% of the time. And Mike McCarthy never went below a 50% pass/run per down  in his last 2 years at Green Bay. What that hopefully means, especially with the lack of depth at running back, is that the ‚ÄúTexas Coast‚Äù offense is ridiculously reliant on Dak‚Äôs arm and our absolute arsenal of pass catchers. If we have a TE develop into a safety valve across the middle, be it either Jake Ferguson or Luke Schoonmaker, we will dink and dunk our way deep into the playoffs. The hope here is that Tony Pollard becomes an Austin Ekler type of player, more of a pass catcher than a between the tackles bruiser, not that either couldn‚Äôt, but, with realistically one running back on the roster and then a bunch of guys trying their hardest, passes where Pollard steps out of bounds being as frequent as Pollard taking a pounding in the fucking B gap isn‚Äôt the worst idea. I reserve my right to not hate it until Week 1





**Zach Martin holding out**




A very recent, and a very urgent issue. Without future HoF Martin, our interior protection, the thing that affects pocket passers the most, which i guess Dak is now, really isn‚Äôt very good at all. IDGAF if Jerry has to give Martin 10% of the team, just make it happen. We need him and he has earned more than whatever he is asking for




**Projected Starting Lineup**





**QB: Rayne Dakota Prescott**




It‚Äôs now or never for Dak, going into year 8, his age 30 season, with weapons like Brandin Cooks, CeeDee Lamb, Tony Pollard, and a top 3 defense, the expectation is a championship run. If he gets his turnover‚Äôs under control, this team can be lethal. He had a career high and league ‚Äúleading‚Äù 15 interceptions last year, and we still finished the season with the second highest turnover differential, at +10. If Dak really can limit it to uNdEr 1o interceptions, which may be harder than it should be given McCarthy‚Äôs historical over reliance on spot and curl routes, than by virtue of the sheer number of times we will have the ball, he will put up insane numbers. With his declining rushing abilities, it‚Äôs imperative he works on his in the pocket footwork, which is somewhat concerning given he has a new QB coach who is basically in his first real year as a coach. That being said, the sky is the limit this year for Dak, but the floor is beneath the basement, because if he can‚Äôt take this team past the divisional, than that will be his legacy. 





**RB Tony Pollard**






At 5.1 yards per carry, Tony Pollard was the third most efficient running back in the league last year, and this year we are going to ask even more of him. We need him to be our lead runner,  which is a massive ask for a guy that has never in his life been a 3 down back. Unless we can get an discounted Zeke, Dalvin Cook, or Leonard Fournette, or a rookie steps up, i‚Äôm afraid we are going to run a fresh off a broken left leg and a high ankle sprain Tony Pollard until the wheels fall off. 





**TE1: Jake Ferguson**





2nd year Tight End Jake Ferguson is going to start the year as our TE1, but with second round draft pick Luke Schoonmaker in the TE room, he‚Äôs going to have to prove himself not only as a safety valve for Dak this year, but also going to have to improve his run blocking if he‚Äôd like to keep the starting job. 





**TE2: Luke Schoonmaker**







The expectations around second round draft pick Luke Schoonmaker are sky high, even if he is off to a rough start- ‚ÄúSchoon‚Äù comes into camp with a non football injury on his foot, one that had him in a boot during mini camp. Rookie TE seasons are historically pretty rough, so if he heals up and can be a contributor in 12 personnel this season and gives us hope for the future, the buzz around him next year will be ridiculous  





**WR1: Brandin Cooks**




Entering his year 30 season on his 5th team, Brandin Cooks is going to be our true X Wide Reciever, most likely getting most of his action on the outside edge of the numbers. We have needed a replacement for Amari Cooper for a year now, and by the looks of it, we found our guy- his blazing speed is his greatest asset as a Cowboy, and he will, if not blow the top off defenses, at least clear out some deep defenders to let CeeDee do CeeDee things. A massive upgrade at WR and to our passing game






**WR2: Michael Gallup**






Now a full year after his ACL was torn, Micael Gallup is set for a massive comeback year as our Z receiver. The last time he played a full season without getting hurt and was completely healthy all year, he caught 66 balls for 1107 yards and 6 TD‚Äôs.






**Slot WR: CeeDee Lamb**






With Michael Gallup healthy and Brandin Cooks signed, CeeDee will be able to do what he does best this year- be a devastating threat out of the slot position. The only negative thing i can think of when it comes to CeeDee is his celebration- sniffing your finger is weird, man, like, you play one of the most violent contact sports on the planet, are you even sure where that finger was before you sniffed it? 








**LT: Tyron Smith**





The corpse of potential hall of famer Tyron Smith continues to hold down our Left Side when he is healthy. The rare moments of being cleared to play are filled with dominant run and pass blocking that can only be learned through years of experience and winning the genetic lottery, but pick a ligament on the human body. Any one will do. Now pick a year between 2011 and now. I promise, at worst, you‚Äôll be a few years off from when he tore that ligament. Poor guy is an absolute soldier for running it back this year, but my god i hope somebody that loves him sits him down soon to tell him it may be time to hang up the cleats. At this point, i just want him to have a long and healthy retirement, and i‚Äôm actually concerned he‚Äôs risking that. Stay safe Tyron, and Dallas will always love you






**LG: Tyler Smith**





For a guy that got moved out to Left Tackle his rookie season midway through training camp, Tyler Smith ‚Äúperformed above expectations‚Äù the same way Jalen Hurts did last year. In his natural Guard position, hopefully he is a dominate as advertised, but who are we kidding here, He‚Äôll be LT again as soon as Tyron Smith gets hurt. And honestly, he‚Äôll probably be our LT moving forward after this season, guy legitimately does not suck






**C: Tyler Biadasz**







Drafting a Center is as complicated as drafting a quarterback, but drafting a center before like round 5 will get GM‚Äôs fired, and because Stephen Jones is smart enough to not want his dad to take back over those responsibilities, Mr. Biadasz will return this year as our Center. He tries his best and we appreciate that, but there is a list of like 15 Centers i‚Äôd rather have 







**RG: Zach Martin**






Jerry give this man so many dollars please. The eight time all pro is considered one of the best Offensive Lineman of all time, lets not fuck around and find out with this hold out from camp






**RT: Terrence Steele**






Another guy who exceeded expectations last year, Terrence Steele is a budding star at right tackle, exponentially improving each year since he was drafted in 2020. He‚Äôs no Lane Johnson, but most people aren‚Äôt, and people who watch this sort of thing think big things about Steele. Definitely one of the more interesting Cowboys to watch this year






**DT: Osa Odighizuwa**






Our definitive DT1 until Mazi proves he is who we think he is, 24 year old Odighizuwa  will have to be the veteran leadership for our IDL group. With 4 sacks and consistent talk about how poor we were at stopping the inside run last year, he seems more like a placeholder for Mazi more than anything we hope to see past week 9 outside of packages that need more than 3 Defensive Lineman






**DT2: Mazi Smith**





Rookie Mazi Smith is going to be asked to be a monster 2 gapping run stopper that shores up one of the very few week points our defense had last year- allowing 129.29 yards per game on the ground last year played a massive roll in our post season embarrassment against that team in Santa Clara. Even if his stats aren‚Äôt great this year, as long as he eats both blockers and space and allows Micah and D-Law to fly around, he will be well worth the draft capital we spent on him.  





**DE/Edge: Micah Parsons**






A top 3 defensive player, let alone an edge rusher, we have been building this entire defense around this man for at least a year at this point. Finishing this year outside of the top 3 for DPOY would be a massive let down for Micah, and would probably mean he got injured. The best part of that is that he is still learning how to be an edge rusher- he never did this in college and has only been a pro for 2 years, he‚Äôs only going to get better.  






**DE: DeMarcus Lawrence**






With all the buzz around Micah and Diggs, it‚Äôs easy to forget that D-Law is an elite pass rusher in his own right, and has been since 2014. The 2 fumble recoveries, 6 sacks, 65 combined tackles and 9 TFL‚Äôs he had last year was a down year for him. While he may not repeat his stellar 2017 performance, if he can give us an injury free average year, our defense will be suffocating






**Will LB: Leighton Vander Esch**






Is LVE a good linebacker? No really, i‚Äôm asking, because he‚Äôs not bad, like i can guarantee you that, i mean 90 Combined tackles is well above ‚Äúthis guy stinks‚Äù territory by a good measure, but also, it‚Äôs definitely not in elite territory. He was the 46th leading tackler amongst linebackers last year, which is definitely a stat that i had to look up. As much as it sounds like i‚Äôm lukewarm on him, i‚Äôm not, as he is probably our best true linebacker, but unless he takes a massive leap, he‚Äôs just not that exciting to talk about.   






**Mike LB: Jabril Cox**





We haven‚Äôt seen much from Cox since he tore his ACL in week 8 of his rookie season in 2021. He played 9 games last year, mostly on special teams, but in college, he was a coverage specialist LB, and with Dan Quinn‚Äôs propensity of putting safeties in the box and dropping LB‚Äôs into coverage, he is a scheme fit, but so is 4th round pick Demarvion Overshown out of Texas, so if his knee can‚Äôt hold up, we do have something in place that will probably be a lateral step instead of a step down







**Sam LB: Damone Clark**







Coming off of a Herniated disk in 2022, there is real hype surrounding Clark in this year‚Äôs camp, with Leighton Vander Esch going as far to say ‚Äúi think we are seeing the beginning of an outstanding career.‚Äù Trying to cut through all the hype and glowing words in every article i found about him is challenging- everybody connected to the cowboys absolutely loves this guy. An unknown with a huge upside by the looks of it







**CB1: Trevon Diggs**







The 97 million dollar man will be a cornerstone of our defense this year,  and while Trevon developed a bit of a reputation in ‚Äò21 when he got 11 interceptions but gave up a thousand yards in coverage, he has cleaned up some of his more dangerous risk taking tendencies and has become one of the best all around corners in the league. 







**CB2: Stefon Gillmore**





Having a former DPOY play opposite of Trevon Diggs while Micah Parsons pass rushes feels like cheating. It‚Äôs not like he‚Äôs really even on the decline either- with 66 combined tackles and 2 interception for the Colts last year, he was an absolute weapon in Indianapolis. 






**CB3: DaRon Bland**




With 5 interceptions, DaRon Bland was one of the best rookie corners in the league last year, which is a big statement when you consider last year‚Äôs corner class that included guys like Sauce Gardner and Tariq Woolen. The hope for this year is that he primarily plays slot defender in our nickel sets, and continues his quiet ascension into elite territory.  





**SS: Donavan Wilson**






One of the most underrated safeties in the league, Wilson is an old school you-hear-him-when-he-gets-there hit stick type of player. Can occasionally have issues in coverage, but his ability to defend his run fit is beyond top tier, which is just a perfect scheme fit for Quinn, who loves having Safeties in the box. 







**FS: Jayron Kearse**






Kearse has been doing doing a ton of work for us at the hybrid LB/safety position that Dan Quinn loves, and while 4th rounder Overshown is a insurance in case Jabril Cox can‚Äôt make it though this season, long term, Overshown is destined to replace Kearse, so my big hope for him is that he is a good mentor to the younger guys. He‚Äôs amazing in his own right, but, come next year, he‚Äôs probably a cap casualty, which is super unfair to him, given how well he has played for us the past 2 years. But, with Donavan Wilson and Malik Hooker on the team, it‚Äôs hard to justify paying him that big money next contract.







**Nickel Safety: Malik Hooker**







The fact that we have 3 great corners and 3 great safeties has me at a bit of a loss of words while writing this. Malik Hooker is legitimately elite, and he doesn‚Äôt even start in this iterations of the Dallas Cowboys because we have that much depth at DB on this team. Saying he doesn‚Äôt start is of course very much understating his roll on this defense- with 3 picks and 44 tackles last year, he sees action all of the time, but is he the nickel back or is DaRon Bland? Or is deciding to try and pass the ball on this defense just an overall poor choice? Yes. The answer to both questions is yes. 






**1 K: Brandon Aubrey**







Brandon Aubrey is a soccer player cos playing as a football player. He may be great, i don‚Äôt know because i have never seen him kick, nor has anyone else. After Maher, you‚Äôd think we‚Äôd be dropping real coin on a one year from one of those free agent vets like Gould or Crosby, but hey, at least we got a guy with impeccable cardio i guess.







**1 P: Bryan Anger**






St. Anger was Metallica‚Äôs worst album, but with an 83 yard boot against the Bears last year, i know i am not the only cowboys fan that gave that album a re listen .  The album still sucks, but Bryan Anger is a weapon and i‚Äôm stoked we kept him for this year






**PR/KR: KaVontae Turpin**






USFL MVP Kavontae Turpin will get a return TD this year, you heard it here first. With 303 total punt return yards and a long of 53, and 508 Kick return yards with a long of 63, this man is an explosive play waiting to happen. I know it‚Äôs kind of uncouth to talk about ‚Äúheart‚Äù when it comes to professional athletes, but this man seemingly has it beyond reproach. The former Wroclaw Panther and New Jersey General was destined to be in the NFL, and i‚Äôm just glad he and his 4.3 40 found a home in Dallas




**Position Group Strengths and Weaknesses**








**QB:** 









Cooper Rush is a serviceable backup, but if Dak stays healthy and cleans up his interceptions, he will be a top 10 QB this year







**Backfield:** 






Tony Pollard has a chance to be truly great this year, but he is coming off an injury and we have absolutely no depth at RB, so this group also has a chance at being disastrous this year. Maybe Deuce Vaughn steps up and is the guy he was at Kansas State, but at 5‚Äô5‚Äù, there are real limitations for his roll in the pass catching game at the NFL level. 










**OL:** 





The days of us having the best offensive line in the league is over, unfortunately. There is no way the shambling husk of Tyron Smith will make it through 17 games, and while we can slide Tyler Smith out to LT and slot Chuma Edoga in at Left Guard,  we lack real proven depth at OL. Center Tyler Biadasz, arguably the worst starter on the team, plays next to a Zach Martin, inarguably the best starter on this team, who is holding out from camp as of time of writing, and if he does hold out, our OL goes from pretty good to pretty bad in a pretty big damned hurry. On a brighter note, Terrence Steele is a burgeoning star at right tackle, exponentially improving each year since he was drafted in 2020. 







**Pass catchers:** 




Cooks, Lamb, Pollard sounds like a recipe with an ingredient you gotta go to the ‚Äúethnic‚Äù grocery store to find, but actually, its a recipe for an offense that will most likely average around 30 points a game this year. Not to mention Gallup, and if we have a TE step up this year, this could be a very potent group if we stay healthy. 







**DL:** 



hopefully the addition of first round draft pick Mazi Smith shores up what was really the achilles heel of a very stout Cowboys defense last year. If he can be a big ol beefy run stuffing monster, we knocked the draft out of the park, if he can be a penetrating pass rushing DT, like Quinn wants him to be, we may have an all time defense on our hands here. Demarcus Lawrence and Micah Parsons, if you can even pigeon hole Parsons into being a DL, don‚Äôt hurt, either









**LB:** 






The linebacker room could be considered pretty mid, if it wasn‚Äôt for the multi talented Edge Micah Parsons. Leighton Vander Esch, Jabril Cox, and Damone Clark are like washing down a 5 star gourmet meal with tap water. It‚Äôs certainly not bad, but it stands out how aggressively average it is when surrounded by excellence. The addition of 3rd round draft pick Demarvion Overshown is very interesting in this linebacker room- he‚Äôs a coverage specialist linebacker more akin to Strong Safety Jayron Kearse than anybody in the Linebacker group, and with Dan Quinn‚Äôs proclivity for bringing safeties down into the box, he may end up being a real weapon on this defense. i‚Äôm not sure if i should be talking about him in this group, or in the secondary group, but because our linebackers need help, i‚Äôm going to put him in this group until proven otherwise. 









**Secondary:**







 this is the best group on the team, with Stefon Gilmore, and Trevon Diggs  as the headliners, it‚Äôs easy to forget that Jayron Kearse and Donavan Wilson are elite in their own right, and that DaRon Bland would be a starter on most teams and is only our slot guy because we are so utterly stacked everywhere else. 
Special Teams: PR/KR KaVontae Turpin and Punter Brian Anger are bright spots, but with some dude who has never played this sport in any meaningful way as our kicker, I‚Äôm not all together against just going for two every time. We need to do some work in free agency and get some ancient, but dependable, kicker like Robbie Gould or Mason Crosby. 






**Schedule Predictions**







**Week 1: DAL @ NYG**






Hopefully we break in Mazi here. Saquon is a problem unless Mazi makes it not a problem. I predict we will either cover the spread, or we will realize real quick that a first round draft pick was a mistake. Dallas -2.5







**Week 2: NYJ @ DAL**







We will lose this one, simply on account of that Aaron Rogers hates the Dallas Cowboys more than Lizzo likes making sure her background dancers have potassium in their diets. I predicted we get dunked on by a weak Green Bay team last year for the same reason, and i was right. If my app has anything less than DAL +6.5 I am hammering the Jets







**Week 3: DAL @ ARZ**







Late September in the desert will either be hot as fuck or simply hot as hell. Which will suck. I hope this is the week we debut Deuce Vaughn, simply as a Kyler Murray is short joke. Cowboys -13.5







**Week 4: NE @ DAL**






Nobody is giving the evil empire credit this year, when their defense is legit terrifying. I think we will win, but, even if nobody is hurt at this point in the year, i am hammering the under on this game. The winner of this game may legitimately not even break 20 points. Cowboys -1.5





**Week 5: DAL @ SF**






It‚Äôs a meaningless regular season game, we‚Äôll win, maybe even convincingly, because there is no heartbreak without hope. Cowboys - 3.5 for this meaningless just above exhibition game. +6.5 for the inevitable divisional round playoff game







**Week 6: DAL @ LAC**





Continuing our Californian field trip, we face off against the Chargers in a Kellen Moore revenge game. If this isn‚Äôt a prime time game, it‚Äôs only because the Chargers Chargered. Flip a coin, if it‚Äôs heads, then ‚Äúi don‚Äôt even‚Äù and if it‚Äôs tails, then it‚Äôs ‚Äúfucking know man.‚Äù This by all accounts should be a regular season classic. Dallas +0.5 









**Week 7: BYE**



Honestly we lose this week, having a bye this early is terrible








**Week 8: LAR @ DAL**





Trevon Diggs v. Cooper Kupp. Micah Parsons against Matt Stafford. A bunch of other people that will have their jersey‚Äôs framed behind them in their office at the car dealership next year Versus A star studded Dallas team. Just like the Vikings last year, this may be my favorite game of the regular season , because we might win by 30 









**Week 9: DAL @ PHI**






We are for sure going to win one of these this season. Probably not the one where we are gonna get pelted by batteries and clever insults bordering on but not quite encroaching on racial slurs. Going into Philly is going to be tough for anyone this year. I hate you fuckers, but I deeply respect y‚Äôall. Dallas +2.5






**Week 10: NYG @ DAL**







The New York Giants had no business going 9-7-1 last year, and over achieved in almost every facet you could have imagined. That being said, Eli signed our stadium when ya‚Äôll beat us when we opened the stadium in 2015, so we‚Äôll cover the spread and this will be the game where every Giants fan understands why the front office didn‚Äôt sign Saquon to a long term deal like we did with Zeke, and will be a turning point with Mazi- either he will be the reason Saquon sucks this game, or it will be when we realize that the post season will be awfully familiar this year 









**Week 11: DAL @ CAR**






With all due respect, i don‚Äôt know how to say this, unless C.J. Stroud has a rookie RG3 year, i  don‚Äôt know how to not be a bit disrespectful here. Carolina has all the potential in the world going into the future, but i would not be shocked of they ended up with a top 5 pick this next draft. That being said we absolutely lose this game for no reason at all other than fuck you, Dallas fan, signed and sincerely, god himself. My estimated spread doesn‚Äôt matter when the football gods want to play fuck fuck games. 








**Week 12: WFT @ DAL**











Everybody‚Äôs newest not least favorite team, the Washington {redacted} football team commanders are going all in on Sam Howell, and my prediction is that if Howell is still the QB at this point, they steamroll us on the way to an NFC East championship. Definitely going to be a fantastic under bet regardless, but i see Dallas at +2.5 this week






**Week 13: SEA @ DAL**








We got their former OC and OL coach, and a Geno Vr. Dak duel just feels right in general. If Geno can continue his accession, this will be must see TV, if Geno is what we all thought he was before last year, this will be a bad week for anybody that was 12 in 2012. Dallas- 4.5









**Week 14 : PHI @ DAL**






After a dog fight in week 9, both teams will be eager for a rematch with each other in week 14 , in a game that I imagine will have massively important playoff implications. Mazi‚Äôs ability to make the 92% conversion rate of Philly‚Äôs 3rd and 4th and less than 2 is going to be put in the spotlight more so than he has ever experienced before.   Dallas - 2.5, if and only if we have that dog at DT





**Week 15: DAL @ BUF**






If movies have Oscar bait, than this game is prime time bait if there ever was prime time bait. If things are going the way they should go, than this is not an unreasonable candidate for a super bowl preview. Because it‚Äôs the Bills, we will lose the regular season game because we will always handle them in the post season, just like we will win against the 49ers in the regular season but will most assuredly lose if we meet in the post season. Bills win by virtue of a Wide Left by whoever is our kicker, Cowboys +1.5







**Week 16: DAL @ MIA**





Tua has the same odds as making it to this game as Tyron Smith does. Mike White drops 300 a d 4 td‚Äôs on us, Cowboys win 34- 28,







**Week 17: DET @ DAL**








This is the game where Detroit locks in 2nd place in the NFC North, Cowboys -3.5 in a game that is going to a brutal back and forth







**Week 18: DAL @ WFT**





This game will not matter, as both tams, for better or for worse, will have locked up their post season standings. We are talking about some real degenerate Jacoby Brisset vr. Cooper Rush shit. Cowboys -.5







Pulled out my ass prediction for the season is 12-5 and a wildcard spot in the post season, inevitably losing to the gold diggers in the NFC Championship game, probably on an embarrassing last play










TL:DR this is our year baybeeeee,we are going to the Supah Bowl",t5_2qmg3,t3_15na43h
71,[Kownack ATNFL] DE Shaq Lawson on where he fits in with Bills: 'I'm the dog. I'm bringing that juice every day',nfl,,t5_2qmg3,t3_15nd4i2
72,"[Cimini] Undaunted by rain, the Jets will practice at 10:45 in Spartanburg. Just Jets, no Panthers. Closed to the public. #Jets",nfl,,t5_2qmg3,t3_15nczn4
73,"Joey Bosa, in a quest to bulk up this offseason, estimates he eats between 4,500 to 5,000 calories per day: ‚ÄúEating isn‚Äôt really enjoyable these days. It‚Äôs more so just part of the job‚Ä¶I've been eating a ridiculous amount lately.‚Äù",nfl,"&gt;To gain the weight, Bosa continued his usual offseason training regimen with his brother, 49ers star defensive lineman Nick Bosa, in Florida, but adding pounds required working closely with a nutritionist and maintaining close proximity to a refrigerator so that he could consume five to six meals per day and constantly snack.

&gt;‚ÄúWas able to stay consistent with all the things that I normally would do,‚Äù Bosa said. ‚ÄúBut the key to gaining weight is just to eat a lot. Eat way more than you want to. And it's no fun a lot of the time.‚Äù

&gt;Before a morning run, Bosa would drink plenty of fluids, maybe eat a little fruit. He‚Äôd follow his run with a small breakfast.

&gt;Then, the eating marathon would commence.

&gt;Five more meals with plates full of red meat, chicken or fish. A big dose of protein, some vegetables and often a version of his guilty-pleasure carbohydrates, like chickpea pasta.

&gt;And snacks. Lots of snacks -- think pretzels, nuts and fruit (But no honeydew or cantaloupe, which Bosa despises) -- often smothered in creamy peanut butter. And a smoothie.

&gt;‚ÄúI'll just eat berries in the peanut butter because my chef in Florida said that the fruit, you need a fat with the fruit for it to really have its whatever benefit,‚Äù Bosa said. ‚ÄúSo that helps with the weight gain and getting all the vitamins and stuff from the fruit.‚Äù

&gt;Gaining the weight while dripping sweat during hour-long workouts in the summer Florida humidity proved difficult, but perhaps not as hard as maintaining his weight during training camp in Southern California, where the Chargers spend about 2 ¬Ω hours daily sweating on the practice field.

&gt;And Bosa‚Äôs fast metabolism has required that he not miss a meal. If he does, the consequence will be felt the following day when he weighs a few pounds less.",t5_2qmg3,t3_15ndeu3
74,Thursday Talk Thread... Yes That's The Thread Name,nfl,"Welcome to today's open thread, where /r/nfl users can discuss anything they wish not related directly to the NFL.

Want to talk about personal life? Cool things about your fandom? Whatever happens to be dominating today's news cycle? Do you have something to talk about that didn't warrant its own thread? This is the place for it!

---

Remember, that there are other subreddits that may be a good fit for what you want to post - every day all day!

* /r/NFLFandom for showing off your fandom
* /r/NFL_Draft for talking in depth about the draft
* /r/NFLNoobs for noob questions, no judgment
* /r/nflblogs for posting blog posts - including your own
* /r/nflofftopic for talking about anything with NFL fans
* /r/nfffffffluuuuuuuuuuuu for all kinds of humor posts
* /r/nflcirclejerk for when /r/NFL just becomes too much
* ... and more - see the sidebar!",t5_2qmg3,t3_15ndd2h
75,"‚ÄòThe math just does not add up,‚Äô OJ Simpson weighs in on Henry Ruggs‚Äô sentencing in Las Vegas crash case",nfl,,t5_2qmg3,t3_15nbd11
76,"[Highlight] The NFL kickoff is only 28 days away, let's remember one of the best #28's to ever play the game, Adrian Peterson",nfl,,t5_2qmg3,t3_15n5hd1
77,Why doesn't the NFL actually have an NFL Hall of Very Good?,nfl,"Not by that actual name, but I think only the truly transcendent players in NFL history should be in the Hall of Fame: Hannah, Sanders, Reed, Brady, Rice, Unitas, Butkus, Marino, Strahan, Taylor. Sayers (and more). You could eliminate the ridiculous backlog of Hall of Fame potential inductees and still honor certain player's excellence during their time in the league.

Maybe even a tiered Hall where there's an 'inner circle' of the greatest of the greats?",t5_2qmg3,t3_15nd44o
78,[Cabot] #Browns Deshaun Watson to David Njoku for the back corner TD in a goal line drill,nfl,,t5_2qmg3,t3_15mrud5
